{
  "threadDump": {
    "processId": 15896,
    "time": "2022-05-31T23:57:50.585889900Z",
    "runtimeVersion": "19-loom+6-625",
    "threadContainers": [
      {
        "container": "<root>",
        "parent": null,
        "owner": null,
        "threads": [
         {
           "tid": 1,
           "name": "main",
           "stack": [
              "java.base\/jdk.internal.misc.Unsafe.park(Native Method)",
              "java.base\/java.util.concurrent.locks.LockSupport.park(LockSupport.java:221)",
              "java.base\/java.util.concurrent.locks.AbstractQueuedSynchronizer.acquire(AbstractQueuedSynchronizer.java:715)",
              "java.base\/java.util.concurrent.locks.AbstractQueuedSynchronizer.acquireSharedInterruptibly(AbstractQueuedSynchronizer.java:1047)",
              "java.base\/java.util.concurrent.CountDownLatch.await(CountDownLatch.java:230)",
              "io.vividcode.loomfaq.virtualthread.ProducerConsumer.run(ProducerConsumer.java:30)",
              "io.vividcode.loomfaq.virtualthread.ProducerConsumer.lambda$main$0(ProducerConsumer.java:20)",
              "io.vividcode.loomfaq.Helper.lambda$timed$1(Helper.java:28)",
              "io.vividcode.loomfaq.Helper.timed(Helper.java:10)",
              "io.vividcode.loomfaq.Helper.timed(Helper.java:27)",
              "io.vividcode.loomfaq.virtualthread.ProducerConsumer.main(ProducerConsumer.java:20)"
           ]
         },
         {
           "tid": 8,
           "name": "Reference Handler",
           "stack": [
              "java.base\/java.lang.ref.Reference.waitForReferencePendingList(Native Method)",
              "java.base\/java.lang.ref.Reference.processPendingReferences(Reference.java:244)",
              "java.base\/java.lang.ref.Reference$ReferenceHandler.run(Reference.java:206)"
           ]
         },
         {
           "tid": 9,
           "name": "Finalizer",
           "stack": [
              "java.base\/java.lang.Object.wait0(Native Method)",
              "java.base\/java.lang.Object.wait(Object.java:366)",
              "java.base\/java.lang.Object.wait(Object.java:339)",
              "java.base\/java.lang.ref.NativeReferenceQueue.await(NativeReferenceQueue.java:48)",
              "java.base\/java.lang.ref.ReferenceQueue.remove0(ReferenceQueue.java:157)",
              "java.base\/java.lang.ref.NativeReferenceQueue.remove(NativeReferenceQueue.java:89)",
              "java.base\/java.lang.ref.Finalizer$FinalizerThread.run(Finalizer.java:173)"
           ]
         },
         {
           "tid": 10,
           "name": "Signal Dispatcher",
           "stack": [
           ]
         },
         {
           "tid": 11,
           "name": "Attach Listener",
           "stack": [
              "java.base\/java.lang.Thread.getStackTrace(Thread.java:2545)",
              "java.base\/jdk.internal.vm.ThreadDumper.dumpThreadToJson(ThreadDumper.java:262)",
              "java.base\/jdk.internal.vm.ThreadDumper.dumpThreadsToJson(ThreadDumper.java:237)",
              "java.base\/jdk.internal.vm.ThreadDumper.dumpThreadsToJson(ThreadDumper.java:201)",
              "java.base\/jdk.internal.vm.ThreadDumper.dumpThreadsToFile(ThreadDumper.java:115)",
              "java.base\/jdk.internal.vm.ThreadDumper.dumpThreadsToJson(ThreadDumper.java:84)"
           ]
         },
         {
           "tid": 19,
           "name": "Common-Cleaner",
           "stack": [
              "java.base\/jdk.internal.misc.Unsafe.park(Native Method)",
              "java.base\/java.util.concurrent.locks.LockSupport.parkNanos(LockSupport.java:269)",
              "java.base\/java.util.concurrent.locks.AbstractQueuedSynchronizer$ConditionObject.await(AbstractQueuedSynchronizer.java:1759)",
              "java.base\/java.lang.ref.ReferenceQueue.await(ReferenceQueue.java:70)",
              "java.base\/java.lang.ref.ReferenceQueue.remove0(ReferenceQueue.java:142)",
              "java.base\/java.lang.ref.ReferenceQueue.remove(ReferenceQueue.java:217)",
              "java.base\/jdk.internal.ref.CleanerImpl.run(CleanerImpl.java:140)",
              "java.base\/java.lang.Thread.run(Thread.java:1584)",
              "java.base\/jdk.internal.misc.InnocuousThread.run(InnocuousThread.java:186)"
           ]
         },
         {
           "tid": 20,
           "name": "Monitor Ctrl-Break",
           "stack": [
              "java.base\/sun.nio.ch.SocketDispatcher.read0(Native Method)",
              "java.base\/sun.nio.ch.SocketDispatcher.read(SocketDispatcher.java:46)",
              "java.base\/sun.nio.ch.NioSocketImpl.tryRead(NioSocketImpl.java:251)",
              "java.base\/sun.nio.ch.NioSocketImpl.implRead(NioSocketImpl.java:302)",
              "java.base\/sun.nio.ch.NioSocketImpl.read(NioSocketImpl.java:340)",
              "java.base\/sun.nio.ch.NioSocketImpl$1.read(NioSocketImpl.java:789)",
              "java.base\/java.net.Socket$SocketInputStream.read(Socket.java:1025)",
              "java.base\/sun.nio.cs.StreamDecoder.readBytes(StreamDecoder.java:327)",
              "java.base\/sun.nio.cs.StreamDecoder.implRead(StreamDecoder.java:370)",
              "java.base\/sun.nio.cs.StreamDecoder.lockedRead(StreamDecoder.java:218)",
              "java.base\/sun.nio.cs.StreamDecoder.read(StreamDecoder.java:173)",
              "java.base\/java.io.InputStreamReader.read(InputStreamReader.java:189)",
              "java.base\/java.io.BufferedReader.fill(BufferedReader.java:161)",
              "java.base\/java.io.BufferedReader.implReadLine(BufferedReader.java:371)",
              "java.base\/java.io.BufferedReader.readLine(BufferedReader.java:348)",
              "java.base\/java.io.BufferedReader.readLine(BufferedReader.java:437)",
              "com.intellij.rt.execution.application.AppMainV2$1.run(AppMainV2.java:49)"
           ]
         },
         {
           "tid": 21,
           "name": "Notification Thread",
           "stack": [
           ]
         },
         {
           "tid": 332,
           "name": "Read-Poller",
           "stack": [
              "java.base\/sun.nio.ch.WEPoll.wait(Native Method)",
              "java.base\/sun.nio.ch.WEPollPoller.poll(WEPollPoller.java:65)",
              "java.base\/sun.nio.ch.Poller.poll(Poller.java:363)",
              "java.base\/sun.nio.ch.Poller.pollLoop(Poller.java:270)",
              "java.base\/java.lang.Thread.run(Thread.java:1584)",
              "java.base\/jdk.internal.misc.InnocuousThread.run(InnocuousThread.java:186)"
           ]
         },
         {
           "tid": 333,
           "name": "Read-Updater",
           "stack": [
              "java.base\/jdk.internal.misc.Unsafe.park(Native Method)",
              "java.base\/java.util.concurrent.locks.LockSupport.park(LockSupport.java:371)",
              "java.base\/java.util.concurrent.LinkedTransferQueue$Node.block(LinkedTransferQueue.java:470)",
              "java.base\/java.util.concurrent.ForkJoinPool.unmanagedBlock(ForkJoinPool.java:3697)",
              "java.base\/java.util.concurrent.ForkJoinPool.managedBlock(ForkJoinPool.java:3642)",
              "java.base\/java.util.concurrent.LinkedTransferQueue.awaitMatch(LinkedTransferQueue.java:669)",
              "java.base\/java.util.concurrent.LinkedTransferQueue.xfer(LinkedTransferQueue.java:616)",
              "java.base\/java.util.concurrent.LinkedTransferQueue.take(LinkedTransferQueue.java:1286)",
              "java.base\/sun.nio.ch.Poller.updateLoop(Poller.java:286)",
              "java.base\/java.lang.Thread.run(Thread.java:1584)",
              "java.base\/jdk.internal.misc.InnocuousThread.run(InnocuousThread.java:186)"
           ]
         },
         {
           "tid": 334,
           "name": "Write-Poller",
           "stack": [
              "java.base\/sun.nio.ch.WEPoll.wait(Native Method)",
              "java.base\/sun.nio.ch.WEPollPoller.poll(WEPollPoller.java:65)",
              "java.base\/sun.nio.ch.Poller.poll(Poller.java:363)",
              "java.base\/sun.nio.ch.Poller.pollLoop(Poller.java:270)",
              "java.base\/java.lang.Thread.run(Thread.java:1584)",
              "java.base\/jdk.internal.misc.InnocuousThread.run(InnocuousThread.java:186)"
           ]
         },
         {
           "tid": 335,
           "name": "Write-Updater",
           "stack": [
              "java.base\/jdk.internal.misc.Unsafe.park(Native Method)",
              "java.base\/java.util.concurrent.locks.LockSupport.park(LockSupport.java:371)",
              "java.base\/java.util.concurrent.LinkedTransferQueue$Node.block(LinkedTransferQueue.java:470)",
              "java.base\/java.util.concurrent.ForkJoinPool.unmanagedBlock(ForkJoinPool.java:3697)",
              "java.base\/java.util.concurrent.ForkJoinPool.managedBlock(ForkJoinPool.java:3642)",
              "java.base\/java.util.concurrent.LinkedTransferQueue.awaitMatch(LinkedTransferQueue.java:669)",
              "java.base\/java.util.concurrent.LinkedTransferQueue.xfer(LinkedTransferQueue.java:616)",
              "java.base\/java.util.concurrent.LinkedTransferQueue.take(LinkedTransferQueue.java:1286)",
              "java.base\/sun.nio.ch.Poller.updateLoop(Poller.java:286)",
              "java.base\/java.lang.Thread.run(Thread.java:1584)",
              "java.base\/jdk.internal.misc.InnocuousThread.run(InnocuousThread.java:186)"
           ]
         }
        ],
        "threadCount": 202
      },
      {
        "container": "java.util.concurrent.ThreadPoolExecutor@1488905105\/jdk.internal.vm.SharedThreadContainer@f0dce35",
        "parent": "<root>",
        "owner": null,
        "threads": [
        ],
        "threadCount": 0
      },
      {
        "container": "ForkJoinPool-1\/jdk.internal.vm.SharedThreadContainer@7c01c49e",
        "parent": "<root>",
        "owner": null,
        "threads": [
         {
           "tid": 24,
           "name": "ForkJoinPool-1-worker-1",
           "stack": [
              "java.base\/jdk.internal.misc.Unsafe.park(Native Method)",
              "java.base\/java.util.concurrent.locks.LockSupport.park(LockSupport.java:371)",
              "java.base\/java.util.concurrent.ForkJoinPool.awaitWork(ForkJoinPool.java:1890)",
              "java.base\/java.util.concurrent.ForkJoinPool.runWorker(ForkJoinPool.java:1807)",
              "java.base\/java.util.concurrent.ForkJoinWorkerThread.run(ForkJoinWorkerThread.java:183)"
           ]
         },
         {
           "tid": 62,
           "name": "ForkJoinPool-1-worker-2",
           "stack": [
              "java.base\/jdk.internal.misc.Unsafe.park(Native Method)",
              "java.base\/java.util.concurrent.locks.LockSupport.parkUntil(LockSupport.java:449)",
              "java.base\/java.util.concurrent.ForkJoinPool.awaitWork(ForkJoinPool.java:1888)",
              "java.base\/java.util.concurrent.ForkJoinPool.runWorker(ForkJoinPool.java:1807)",
              "java.base\/java.util.concurrent.ForkJoinWorkerThread.run(ForkJoinWorkerThread.java:183)"
           ]
         },
         {
           "tid": 90,
           "name": "ForkJoinPool-1-worker-3",
           "stack": [
              "java.base\/jdk.internal.misc.Unsafe.park(Native Method)",
              "java.base\/java.util.concurrent.locks.LockSupport.park(LockSupport.java:371)",
              "java.base\/java.util.concurrent.ForkJoinPool.awaitWork(ForkJoinPool.java:1890)",
              "java.base\/java.util.concurrent.ForkJoinPool.runWorker(ForkJoinPool.java:1807)",
              "java.base\/java.util.concurrent.ForkJoinWorkerThread.run(ForkJoinWorkerThread.java:183)"
           ]
         },
         {
           "tid": 91,
           "name": "ForkJoinPool-1-worker-4",
           "stack": [
              "java.base\/jdk.internal.misc.Unsafe.park(Native Method)",
              "java.base\/java.util.concurrent.locks.LockSupport.park(LockSupport.java:371)",
              "java.base\/java.util.concurrent.ForkJoinPool.awaitWork(ForkJoinPool.java:1890)",
              "java.base\/java.util.concurrent.ForkJoinPool.runWorker(ForkJoinPool.java:1807)",
              "java.base\/java.util.concurrent.ForkJoinWorkerThread.run(ForkJoinWorkerThread.java:183)"
           ]
         },
         {
           "tid": 108,
           "name": "ForkJoinPool-1-worker-5",
           "stack": [
              "java.base\/jdk.internal.misc.Unsafe.park(Native Method)",
              "java.base\/java.util.concurrent.locks.LockSupport.park(LockSupport.java:371)",
              "java.base\/java.util.concurrent.ForkJoinPool.awaitWork(ForkJoinPool.java:1890)",
              "java.base\/java.util.concurrent.ForkJoinPool.runWorker(ForkJoinPool.java:1807)",
              "java.base\/java.util.concurrent.ForkJoinWorkerThread.run(ForkJoinWorkerThread.java:183)"
           ]
         },
         {
           "tid": 110,
           "name": "ForkJoinPool-1-worker-6",
           "stack": [
              "java.base\/jdk.internal.misc.Unsafe.park(Native Method)",
              "java.base\/java.util.concurrent.locks.LockSupport.park(LockSupport.java:371)",
              "java.base\/java.util.concurrent.ForkJoinPool.awaitWork(ForkJoinPool.java:1890)",
              "java.base\/java.util.concurrent.ForkJoinPool.runWorker(ForkJoinPool.java:1807)",
              "java.base\/java.util.concurrent.ForkJoinWorkerThread.run(ForkJoinWorkerThread.java:183)"
           ]
         },
         {
           "tid": 129,
           "name": "ForkJoinPool-1-worker-7",
           "stack": [
              "java.base\/jdk.internal.misc.Unsafe.park(Native Method)",
              "java.base\/java.util.concurrent.locks.LockSupport.park(LockSupport.java:371)",
              "java.base\/java.util.concurrent.ForkJoinPool.awaitWork(ForkJoinPool.java:1890)",
              "java.base\/java.util.concurrent.ForkJoinPool.runWorker(ForkJoinPool.java:1807)",
              "java.base\/java.util.concurrent.ForkJoinWorkerThread.run(ForkJoinWorkerThread.java:183)"
           ]
         },
         {
           "tid": 130,
           "name": "ForkJoinPool-1-worker-8",
           "stack": [
              "java.base\/jdk.internal.misc.Unsafe.park(Native Method)",
              "java.base\/java.util.concurrent.locks.LockSupport.park(LockSupport.java:371)",
              "java.base\/java.util.concurrent.ForkJoinPool.awaitWork(ForkJoinPool.java:1890)",
              "java.base\/java.util.concurrent.ForkJoinPool.runWorker(ForkJoinPool.java:1807)",
              "java.base\/java.util.concurrent.ForkJoinWorkerThread.run(ForkJoinWorkerThread.java:183)"
           ]
         }
        ],
        "threadCount": 8
      },
      {
        "container": "java.util.concurrent.ScheduledThreadPoolExecutor@511754216\/jdk.internal.vm.SharedThreadContainer@2abf0bca",
        "parent": "<root>",
        "owner": null,
        "threads": [
         {
           "tid": 304,
           "name": "VirtualThread-unparker",
           "stack": [
              "java.base\/jdk.internal.misc.Unsafe.park(Native Method)",
              "java.base\/java.util.concurrent.locks.LockSupport.parkNanos(LockSupport.java:269)",
              "java.base\/java.util.concurrent.locks.AbstractQueuedSynchronizer$ConditionObject.awaitNanos(AbstractQueuedSynchronizer.java:1674)",
              "java.base\/java.util.concurrent.ScheduledThreadPoolExecutor$DelayedWorkQueue.take(ScheduledThreadPoolExecutor.java:1182)",
              "java.base\/java.util.concurrent.ScheduledThreadPoolExecutor$DelayedWorkQueue.take(ScheduledThreadPoolExecutor.java:899)",
              "java.base\/java.util.concurrent.ThreadPoolExecutor.getTask(ThreadPoolExecutor.java:1069)",
              "java.base\/java.util.concurrent.ThreadPoolExecutor.runWorker(ThreadPoolExecutor.java:1129)",
              "java.base\/java.util.concurrent.ThreadPoolExecutor$Worker.run(ThreadPoolExecutor.java:641)",
              "java.base\/java.lang.Thread.run(Thread.java:1584)",
              "java.base\/jdk.internal.misc.InnocuousThread.run(InnocuousThread.java:186)"
           ]
         }
        ],
        "threadCount": 1
      },
      {
        "container": "ForkJoinPool.commonPool\/jdk.internal.vm.SharedThreadContainer@6909dd5a",
        "parent": "<root>",
        "owner": null,
        "threads": [
        ],
        "threadCount": 0
      }
    ]
  }
}
